user_input,retrieved_contexts,response,faithfulness,answer_relevancy
Quais são os modos de carregamento do carregador GoodWe HCA e como funciona o modo PV + Bateria?,"['Nos modos de carregamento PV e PV + bateria, após a inicialização do carregador, \nquando a energia fotovoltaica ou da bateria for insuficiente, se a função de garantia \nde potência mínima de carregamento for ativada, o suporte da rede elétrica ou da', 'de \ncarregamento\nNos modos de carregamento PV e carregamento \nPV+bateria, após o arranque da estação de \ncarregamento, quando a energia do PV ou da bateria \nfor insuficiente, se a garantia de potência mínima de', 'Introdução ao modo de carregamento\nA estação de carregamento possui três modos avançados de carregamento: \ncarregamento rápido, carregamento PV e carregamento PV + bateria.\n77', 'roteador ou switch.\n•\n7.2.5 Definir modo de carregamento\nA estação de carregamento possui três modos avançados de carregamento: \ncarregamento rápido, carregamento PV e carregamento PV + bateria.\ncarregamento rápido']","A estação de carregamento GoodWe HCA possui três modos avançados de carregamento: carregamento rápido, carregamento PV e carregamento PV + bateria [goodwe_hca_g2_manual.pdf, p.67, p.78].

Quanto ao funcionamento do modo PV + bateria, após a inicialização do carregador, caso a energia fotovoltaica ou da bateria seja insuficiente e a função de garantia de potência mínima de carregamento esteja ativada, haverá o suporte da rede elétrica [goodwe_hca_g2_manual.pdf, p.20, p.72].",0.5,0.9747750464967572
Quais modelos fazem parte da linha HCA G2 e qual a potência de cada um?,"['Linha HCA G2\nCarregador CA I Monofásico-7kW\nTrifásico-11/22kW\nO Carregador Veicular HCA da GoodWe permite que \nos proprietários usem a energia extraída dos sistemas \nfotovoltaicos para carregar veículos elétricos (VEs),', 'Linha HCA\nwww.goodwe.com\nGoodWe-Single page-20241121-PT-V2.1.As informações podem ser alteradas sem prévio aviso durante futuras atualizações do produto.', 'especificações dos cabos devem atender aos requisitos das regulamentações \nlocais.\n•\nRequisitos de especificação de cabos\nModelo Cabo Especificação do cabo\nGW7K-\nHCA-20\nCabo de corrente alternada (cabo \nmultifilar de três condutores para \nexterior)', 'Parâmetros \ntécnicos GW7K-HCA-20 GW11K-HCA-20 GW22K-HCA-20\nProteção contra \nFalha de \naterramento\nintegração integração integração\nproteção contra \nsurtos CA III III III\ndesligamento de \nemergência integração integração integração\nDados gerais\nFaixa de']","Os modelos que fazem parte da linha HCA G2 e suas respectivas potências são:

*   Monofásico: 7kW [goodwe_hca_g2_datasheet.pdf, p.1].
*   Trifásico: 11kW ou 22kW [goodwe_hca_g2_datasheet.pdf, p.1].",1.0,0.9640083513578603
Como iniciar e encerrar uma recarga pelo aplicativo da GoodWe?,"['*: Por favor, consulte o site da GoodWe para verificar os certificados atualizados.', 'reproduzido, distribuído ou carregado em redes públicas ou outras plataformas de terceiros, por \nqualquer meio.\nAutorização de marca\nGOODWEe as outras marcas GOODWE usadas neste manual pertencem à GoodWe Technologies Co.,', 'Atenção\nA placa de características é apenas para referência, por favor, consulte o produto \nreal.\n1. Marca registrada GoodWe e tipos \ne modelos de produtos.\n2. Parâmetros Técnicos do \nProduto\n30', 'login inicial: gooddwe2022.\n4. \nAlterar a senha inicial.\n5. \n7.2.3 Introdução à interface do carregador\n62']",Não há dados suficientes nos documentos fornecidos para responder com segurança sobre como iniciar e encerrar uma recarga pelo aplicativo da GoodWe.,1.0,0.0
A instalação de uma estação de recarga precisa ser comunicada à distribuidora? Em quais casos?,"['instalação de estação de recarga deverá ser comunicada previamente à distribuidora, \ncaso a instalação, individualmente ou em conjunto com outros equipamentos, resulte \nna necessidade de: \na) Conexão nova; \nb) Aumento ou redução de carga;', 'adicional exclusiva para a estação de recarga ou uso de terceiros; \nc) Nos casos em que a estação de recarga for ligada nas instalações elétricas do \ncondomínio, caberá à administração do empreendimento, a implantação de', 'mA. Este dispositivo DR pode estar instalado no quadro de distribuição da \ninstalação elétrica fixa e/ou no sistema de recarga para VE, e devem atender \nno mínimo aos requisitos dos dispositivos de proteção à corrente diferencial -', 'comunicação entre o VE e a estação de recarga, sua especificação se dá através da \nIEC 62752.']","Sim, a instalação de uma estação de recarga deverá ser comunicada previamente à distribuidora caso a instalação, individualmente ou em conjunto com outros equipamentos, resulte na necessidade de:

a) Conexão nova;
b) Aumento ou redução de carga [energisa_ndu042.pdf, p.15].",1.0,0.9749190576340677
É permitido cobrar pela recarga de veículos que não são do titular da unidade consumidora?,"['unidade consumidora para a área de uso coletivo, e não tenha possibilidade \nde a estação de recarga ser conectada em consumidora existente, o \ninteressado poderá fazer a solicitação de um ponto de medição de uso', 'a) É permitida a recarga de veículos elétricos que não sejam do titular da \nunidade consumidora em que se encontra a estação de recarga, inclusive para \nfins de exploração comercial a preços livremente negociados  (REN \n1.000/2021, Art. 554);', 'caixas, dispositivos de proteção, aterramento e ferragens, de responsabilidade dos \nconsumidores, preparada de forma a permitir a ligação das unidades consumidoras à', 'alternada ou contínua ao veículo elétrico, instalado em um ou mais invólucros, com \nfunções especiais de controle e de comunicação, e localizados fora do veículo. \n \nRefere-se a estação de recarga por unidade própria, localizada junto à(s) vaga(s) do']","Sim, é permitida a recarga de veículos elétricos que não pertençam ao titular da unidade consumidora onde a estação de recarga está instalada, inclusive para fins de exploração comercial com preços negociados livremente [energisa_ndu042.pdf, p.11].",1.0,0.817028240188204
Os veículos elétricos podem injetar energia de volta na rede de distribuição?,"['1.000/2021, Art. 554); \nb) É vedada a injeção de energia elétrica na rede de distribuição a partir dos \nveículos elétricos e a participação no sistema de compensação de energia \nelétrica de microge ração e minigeração distribuída  (REN 1.000/2021, Art.', 'sem ocasionar em perturbação ao sistema elétrico da distribuidora. \n \nAs Unidades consumidoras que contenham ou desejam instalar estações de recargas \nde veículos elétricos devem possuir sistema de aterramento adequado, seguindo', 'Somente conexão à rede elétrica.\nNº Componente Descrição\n1 Inversor Inversor GoodWe\n2 Bateria\nBateria compatível com inversores GoodWe, uso \nexclusivo em equipamentos de armazenamento de \nenergia.\n3 RCBO', 'FORNECIMENTO DE ENERGIA ELÉTRICA”. \n \na) Em instalações particulares, a estação de recarga de veículo elétrico deverá \nser conectada na própria unidade consumidora. Em nenhuma hipótese será']","Não, é vedada a injeção de energia elétrica na rede de distribuição a partir dos veículos elétricos [energisa_ndu042.pdf, p.11].",0.0,0.9256319121033463
Quais graus de proteção a norma da Energisa exige para estações de recarga instaladas em ambiente externo?,"['•\nA classificação de proteção de entrada do equipamento atende à instalação interna \ne externa. A temperatura e a umidade do ambiente de instalação devem estar \ndentro da faixa adequada.\n•', 'FORNECIMENTO DE ENERGIA ELÉTRICA”. \n \na) Em instalações particulares, a estação de recarga de veículo elétrico deverá \nser conectada na própria unidade consumidora. Em nenhuma hipótese será', 'dispositivos de proteção, seccionamento e comando da instalação elétrica fixa \n(ABNT NBR 17019). \n \nNo modo de recarga 3, o veículo é ligado a estação de recarga através de um cabo', '3. RESPONSABILIDADES \n \nEstabelecer as normas e os critérios técnicos exigí veis para o fornecimento de \nenergia para estações de recarga de veículos elétricos , conforme a regulação \nvigente. Coordenar o processo referente a revisões desta norma.']",Não há dados suficientes nos documentos para responder com segurança sobre quais graus de proteção a norma da Energisa exige para estações de recarga em ambiente externo.,1.0,0.0
"O que o consumidor precisa fazer antes de instalar um carregador GoodWe em casa, segundo a regulação e a norma da distribuidora?","['carregamento estão normais.\nPerigo\nApós a instalação do carregador, as etiquetas e os sinais de aviso no invólucro \ndevem estar claramente visíveis. É proibido cobri-los, alterá-los ou danificá-los.', '•\nGarantir que a estação de carregamento seja firmemente instalada, a fim de \nevitar que caia e cause ferimentos a pessoas.\n•\n4.2.2 Carregador de montagem na parede\nInstalar estação de carregamento', '•\nRecomenda-se instalar o carregador em local protegido.•\nO espaço de instalação deve atender aos requisitos de ventilação e dissipação de \ncalor do equipamento e aos requisitos de espaço de operação.\n•', 'Cuidado\nAntes da instalação, o carregador deve ser transportado até o local de instalação. \nDurante o transporte, a fim de evitar lesões pessoais ou danos ao equipamento, \npreste atenção aos seguintes itens:']",Não há dados suficientes nos documentos fornecidos para responder sobre regulações ou normas da distribuidora.,1.0,0.0
